<!--
  ~ Copyright 2012 Global Biodiversity Information Facility (GBIF)
  ~
  ~ Licensed under the Apache License, Version 2.0 (the "License");
  ~ you may not use this file except in compliance with the License.
  ~ You may obtain a copy of the License at
  ~
  ~     http://www.apache.org/licenses/LICENSE-2.0
  ~
  ~ Unless required by applicable law or agreed to in writing, software
  ~ distributed under the License is distributed on an "AS IS" BASIS,
  ~ WITHOUT WARRANTIES OR CONDITIONS OF ANY KIND, either express or implied.
  ~ See the License for the specific language governing permissions and
  ~ limitations under the License.
  -->
<configuration>

  <contextName>Locality WS</contextName>

  <contextListener class="ch.qos.logback.classic.jul.LevelChangePropagator">
    <resetJUL>true</resetJUL>
  </contextListener>

  <property name="defaultPattern" value="%-5level [%date{'yyyy-MM-dd HH:mm:ss,SSSZ'}] [%thread] %logger: %msg%n%xEx"/>

  <appender name="CONSOLE" class="ch.qos.logback.core.ConsoleAppender">
    <encoder>
      <pattern>${defaultPattern}</pattern>
    </encoder>
  </appender>

  <appender name="FILE" class="ch.qos.logback.core.rolling.RollingFileAppender">
    <file>logs/locality-ws.log</file>
    <rollingPolicy class="ch.qos.logback.core.rolling.TimeBasedRollingPolicy">
      <fileNamePattern>logs/locality-ws.%d{yyyy-MM-dd}.log.gz</fileNamePattern>
      <maxHistory>14</maxHistory>
    </rollingPolicy>
    <encoder>
      <pattern>${defaultPattern}</pattern>
    </encoder>
  </appender>

  <appender name="ERROR_FILE" class="ch.qos.logback.core.rolling.RollingFileAppender">
    <file>logs/locality-ws_error.log</file>
    <rollingPolicy class="ch.qos.logback.core.rolling.TimeBasedRollingPolicy">
      <fileNamePattern>logs/locality-ws_error.%d{yyyy-MM-dd}.log.gz</fileNamePattern>
      <maxHistory>28</maxHistory>
    </rollingPolicy>
    <filter class="ch.qos.logback.classic.filter.ThresholdFilter">
      <level>ERROR</level>
    </filter>
    <encoder>
      <pattern>${defaultPattern}</pattern>
    </encoder>
  </appender>

  <logger name="org.gbif" level="DEBUG"/>
  <logger name="org.apache.tomcat.util.digester.Digester" level="WARN"/>


  <root level="INFO">
    <appender-ref ref="CONSOLE"/>
    <appender-ref ref="FILE"/>
    <appender-ref ref="ERROR_FILE"/>
  </root>

</configuration>
